<?xml version="1.0"?>
<!--<!DOCTYPE metadata SYSTEM "http://www.esri.com/metadata/esriprof80.dtd">-->
<metadata xml:lang="en"><Esri><CreaDate>20111222</CreaDate><CreaTime>14535900</CreaTime><SyncOnce>FALSE</SyncOnce><DataProperties><lineage><Process Name="Select Layer By Attribute" ToolSource="C:\Program Files (x86)\ArcGIS\ArcToolbox\Toolboxes\Data Management Tools.tbx\SelectLayerByAttribute" Date="20111025" Time="193314">SelectLayerByAttribute COMM_PLUS_RG_3M_ETRS_V5 NEW_SELECTION ""NUTS_ID" IS NOT NULL" COMM_PLUS_RG_3M_ETRS_V5</Process><Process Name="Dissolve" ToolSource="C:\Program Files (x86)\ArcGIS\ArcToolbox\Toolboxes\Data Management Tools.tbx\Dissolve" Date="20111025" Time="193318">Dissolve COMM_PLUS_RG_3M_ETRS_V5 C:\Condivisa\work\EUROSTAT\work\SC3\ACT_2\work\3M.gdb\work\nuts_rg_3m NUTS_ID # MULTI_PART DISSOLVE_LINES</Process><Process Name="Add Field (2)" ToolSource="C:\Program Files (x86)\ArcGIS\ArcToolbox\Toolboxes\Data Management Tools.tbx\AddField" Date="20111025" Time="193501">AddField C:\Condivisa\work\EUROSTAT\work\SC3\ACT_2\work\3M.gdb\work\nuts_rg_3m NUTS_1 TEXT # # 5 # NULLABLE NON_REQUIRED # C:\Condivisa\work\EUROSTAT\work\SC3\ACT_2\work\3M.gdb\work\nuts_rg_3m</Process><Process Name="Add Field (3)" ToolSource="C:\Program Files (x86)\ArcGIS\ArcToolbox\Toolboxes\Data Management Tools.tbx\AddField" Date="20111025" Time="193501">AddField C:\Condivisa\work\EUROSTAT\work\SC3\ACT_2\work\3M.gdb\work\nuts_rg_3m NUTS_2 TEXT # # 5 # NULLABLE NON_REQUIRED # C:\Condivisa\work\EUROSTAT\work\SC3\ACT_2\work\3M.gdb\work\nuts_rg_3m</Process><Process Name="Add Field (4)" ToolSource="C:\Program Files (x86)\ArcGIS\ArcToolbox\Toolboxes\Data Management Tools.tbx\AddField" Date="20111025" Time="193502">AddField C:\Condivisa\work\EUROSTAT\work\SC3\ACT_2\work\3M.gdb\work\nuts_rg_3m NUTS_0 TEXT # # 5 # NULLABLE NON_REQUIRED # C:\Condivisa\work\EUROSTAT\work\SC3\ACT_2\work\3M.gdb\work\nuts_rg_3m</Process><Process Name="Calculate Field" ToolSource="C:\Program Files (x86)\ArcGIS\ArcToolbox\Toolboxes\Data Management Tools.tbx\CalculateField" Date="20111025" Time="193503">CalculateField C:\Condivisa\work\EUROSTAT\work\SC3\ACT_2\work\3M.gdb\work\nuts_rg_3m NUTS_2 "Left( [NUTS_ID] , 4) " VB # C:\Condivisa\work\EUROSTAT\work\SC3\ACT_2\work\3M.gdb\work\nuts_rg_3m</Process><Process Name="Calculate Field (2)" ToolSource="C:\Program Files (x86)\ArcGIS\ArcToolbox\Toolboxes\Data Management Tools.tbx\CalculateField" Date="20111025" Time="193503">CalculateField C:\Condivisa\work\EUROSTAT\work\SC3\ACT_2\work\3M.gdb\work\nuts_rg_3m NUTS_1 "Left( [NUTS_ID] , 3) " VB # C:\Condivisa\work\EUROSTAT\work\SC3\ACT_2\work\3M.gdb\work\nuts_rg_3m</Process><Process Name="Calculate Field (3)" ToolSource="C:\Program Files (x86)\ArcGIS\ArcToolbox\Toolboxes\Data Management Tools.tbx\CalculateField" Date="20111025" Time="193504">CalculateField C:\Condivisa\work\EUROSTAT\work\SC3\ACT_2\work\3M.gdb\work\nuts_rg_3m NUTS_0 "Left( [NUTS_ID] , 2) " VB # C:\Condivisa\work\EUROSTAT\work\SC3\ACT_2\work\3M.gdb\work\nuts_rg_3m</Process><Process Name="Dissolve (3)" ToolSource="C:\Program Files (x86)\ArcGIS\ArcToolbox\Toolboxes\Data Management Tools.tbx\Dissolve" Date="20111025" Time="193515">Dissolve C:\Condivisa\work\EUROSTAT\work\SC3\ACT_2\work\3M.gdb\work\nuts_rg_3m C:\Condivisa\work\EUROSTAT\work\SC3\ACT_2\work\3M.gdb\work\nuts_rg_3m_nuts0 NUTS_0 # MULTI_PART DISSOLVE_LINES</Process><Process Name="Add Field (6)" ToolSource="C:\Program Files (x86)\ArcGIS\ArcToolbox\Toolboxes\Data Management Tools.tbx\AddField" Date="20111025" Time="193516">AddField C:\Condivisa\work\EUROSTAT\work\SC3\ACT_2\work\3M.gdb\work\nuts_rg_3m_nuts0 STAT_LEVL_CODE LONG # # # # NULLABLE NON_REQUIRED # C:\Condivisa\work\EUROSTAT\work\SC3\ACT_2\work\3M.gdb\work\nuts_rg_3m_nuts0</Process><Process Name="Add Field (10)" ToolSource="C:\Program Files (x86)\ArcGIS\ArcToolbox\Toolboxes\Data Management Tools.tbx\AddField" Date="20111025" Time="193516">AddField C:\Condivisa\work\EUROSTAT\work\SC3\ACT_2\work\3M.gdb\work\nuts_rg_3m_nuts0 NUTS_ID TEXT # # 5 # NULLABLE NON_REQUIRED # C:\Condivisa\work\EUROSTAT\work\SC3\ACT_2\work\3M.gdb\work\nuts_rg_3m_nuts0</Process><Process Name="Calculate Field (6)" ToolSource="C:\Program Files (x86)\ArcGIS\ArcToolbox\Toolboxes\Data Management Tools.tbx\CalculateField" Date="20111025" Time="193517">CalculateField C:\Condivisa\work\EUROSTAT\work\SC3\ACT_2\work\3M.gdb\work\nuts_rg_3m_nuts0 STAT_LEVL_CODE "0" VB # C:\Condivisa\work\EUROSTAT\work\SC3\ACT_2\work\3M.gdb\work\nuts_rg_3m_nuts0</Process><Process Name="Calculate Field (9)" ToolSource="C:\Program Files (x86)\ArcGIS\ArcToolbox\Toolboxes\Data Management Tools.tbx\CalculateField" Date="20111025" Time="193518">CalculateField C:\Condivisa\work\EUROSTAT\work\SC3\ACT_2\work\3M.gdb\work\nuts_rg_3m_nuts0 NUTS_ID [NUTS_0] VB # C:\Condivisa\work\EUROSTAT\work\SC3\ACT_2\work\3M.gdb\work\nuts_rg_3m_nuts0</Process><Process ToolSource="C:\Program Files (x86)\ArcGIS\ArcToolbox\Toolboxes\Data Management Tools.tbx\Merge" Date="20111026" Time="144327">Merge nuts_rg_3m_nuts0;nuts_rg_3m_nuts1;nuts_rg_3m_nuts2;nuts_rg_3m_nuts3 C:\Condivisa\work\EUROSTAT\work\SC3\ACT_2\work\3M.gdb\work\nuts_rg_3m_merge "STAT_LEVL_CODE 'STAT_LEVL_CODE' true true false 4 Long 0 0 ,First,#,nuts_rg_3m_nuts0,STAT_LEVL_CODE,-1,-1,nuts_rg_3m_nuts1,STAT_LEVL_CODE,-1,-1,nuts_rg_3m_nuts2,STAT_LEVL_CODE,-1,-1,nuts_rg_3m_nuts3,STAT_LEVL_CODE,-1,-1;NUTS_ID 'NUTS_ID' true true false 5 Text 0 0 ,First,#,nuts_rg_3m_nuts0,NUTS_ID,-1,-1,nuts_rg_3m_nuts1,NUTS_ID,-1,-1,nuts_rg_3m_nuts2,NUTS_ID,-1,-1,nuts_rg_3m_nuts3,NUTS_ID,-1,-1"</Process><Process Name="Feature Class to Feature Class (4)" ToolSource="C:\Program Files (x86)\ArcGIS\ArcToolbox\Toolboxes\Conversion Tools.tbx\FeatureClassToFeatureClass" Date="20111027" Time="172313">FeatureClassToFeatureClass C:\Condivisa\work\EUROSTAT\work\SC3\ACT_2\work\3M.gdb\work\nuts_rg_3m_merge C:\Condivisa\work\EUROSTAT\work\SC3\ACT_2\work\3M.gdb\SC_3M_2010 NUTS_RG_03M_2010 # "STAT_LEVL_CODE 'STAT_LEVL_CODE' true true false 4 Long 0 0 ,First,#,C:\Condivisa\work\EUROSTAT\work\SC3\ACT_2\work\3M.gdb\work\nuts_rg_3M_Merge,STAT_LEVL_CODE,-1,-1;NUTS_ID 'NUTS_ID' true true false 5 Text 0 0 ,First,#,C:\Condivisa\work\EUROSTAT\work\SC3\ACT_2\work\3M.gdb\work\nuts_rg_3M_Merge,NUTS_ID,-1,-1;Shape_Length 'Shape_Length' false true true 8 Double 0 0 ,First,#,C:\Condivisa\work\EUROSTAT\work\SC3\ACT_2\work\3M.gdb\work\nuts_rg_3M_Merge,Shape_Length,-1,-1;Shape_Area 'Shape_Area' false true true 8 Double 0 0 ,First,#,C:\Condivisa\work\EUROSTAT\work\SC3\ACT_2\work\3M.gdb\work\nuts_rg_3M_Merge,Shape_Area,-1,-1" # C:\Condivisa\work\EUROSTAT\work\SC3\ACT_2\work\3M.gdb\SC_3M_2010\NUTS_RG_03M_2010</Process><Process ToolSource="C:\Program Files (x86)\ArcGIS\ArcToolbox\Toolboxes\Data Management Tools.tbx\CopyFeatures" Date="20111107" Time="163147">CopyFeatures C:\Condivisa\work\EUROSTAT\work\SC3\ACT_2\work\SC3_A2_GENERALISATION.gdb\NUTS_2010\NUTS_RG_03M_2010 C:\Condivisa\work\EUROSTAT\work\SC3\ACT_2\work\db_final.gdb\NUTS_2010\NUTS_RG_03M_2010 # 0 0 0</Process><Process ToolSource="C:\Program Files (x86)\ArcGIS\ArcToolbox\Toolboxes\Data Management Tools.tbx\CopyFeatures" Date="20111116" Time="100646">CopyFeatures D:\BackUPs\Budino\EUROSTAT\ACT_2\work\act2_db_final.gdb\NUTS_2010\NUTS_RG_03M_2010 C:\Condivisa\work\EUROSTAT\work\SC3\ACT_2\work\act2_db_final.gdb\NUTS_2010\NUTS_RG_03M_2010 # 0 0 0</Process><Process ToolSource="C:\Program Files (x86)\ArcGIS\ArcToolbox\Toolboxes\Data Management Tools.tbx\CopyFeatures" Date="20111117" Time="090847">CopyFeatures C:\Condivisa\work\EUROSTAT\work\SC3\ACT_2\work\act2_db_final.gdb\NUTS_2010\NUTS_RG_03M_2010 C:\Condivisa\work\EUROSTAT\work\SC3\ACT_2\work\NUTS_2010.gdb\NUTS_2010\NUTS_RG_03M_2010 # 0 0 0</Process><Process ToolSource="C:\Program Files (x86)\ArcGIS\ArcToolbox\Toolboxes\Data Management Tools.tbx\CopyFeatures" Date="20111128" Time="191544">CopyFeatures C:\Condivisa\work\EUROSTAT\work\SC3\ACT_2\work\NUTS_2010.gdb\NUTS_2010\NUTS_RG_03M_2010 C:\Condivisa\work\EUROSTAT\work\SC3\ACT_2\work\03M.gdb\NUTS_2010\NUTS_RG_03M_2010 # 0 0 0</Process><Process ToolSource="C:\Program Files (x86)\ArcGIS\ArcToolbox\Toolboxes\Data Management Tools.tbx\CopyFeatures" Date="20111129" Time="145114">CopyFeatures C:\Condivisa\work\EUROSTAT\work\SC3\ACT_2\work\03M.gdb\NUTS_2010\NUTS_RG_03M_2010 C:\Condivisa\work\EUROSTAT\work\SC3\ACT_2\work\QC_03M.gdb\NUTS_2010\NUTS_RG_03M_2010 # 0 0 0</Process><Process Name="Delete Features" ToolSource="C:\Program Files (x86)\ArcGIS\Desktop10.0\ArcToolbox\Toolboxes\Data Management Tools.tbx\DeleteFeatures" Date="20121128" Time="165614">DeleteFeatures Z:\webapp\mapservices\Maps\connection-files\PROD\PROD-DIRECT-GISCO_11g.sde\GISCO.NUTS_2010\GISCO.NUTS_RG_03M_2010</Process><Process Name="Append" ToolSource="C:\Program Files (x86)\ArcGIS\Desktop10.0\ArcToolbox\Toolboxes\Data Management Tools.tbx\Append" Date="20121128" Time="165939">Append 'J:\users\diegoce\Specific convention\Specific convention 08\02 AB generalisatons\Final delivery v1.3\SC3_A2_GENERALISATION(12_09_2012).gdb\NUTS_2010\NUTS_RG_03M_2010' Z:\webapp\mapservices\Maps\connection-files\PROD\PROD-DIRECT-GISCO_11g.sde\GISCO.NUTS_2010\GISCO.NUTS_RG_03M_2010 TEST # #</Process><Process Name="Delete Features" ToolSource="C:\Program Files (x86)\ArcGIS\Desktop10.0\ArcToolbox\Toolboxes\Data Management Tools.tbx\DeleteFeatures" Date="20130220" Time="095619">DeleteFeatures Z:\webapp\mapservices\Maps\connection-files\PROD\PROD-DIRECT-GISCO_11g.sde\GISCO.NUTS_2010\GISCO.NUTS_RG_03M_2010</Process><Process Name="Append" ToolSource="C:\Program Files (x86)\ArcGIS\Desktop10.0\ArcToolbox\Toolboxes\Data Management Tools.tbx\Append" Date="20130220" Time="095631">Append J:\develop\Database-Updates\NUTS_Croatia.gdb\NUTS_2010\NUTS_RG_03M_2010 Z:\webapp\mapservices\Maps\connection-files\PROD\PROD-DIRECT-GISCO_11g.sde\GISCO.NUTS_2010\GISCO.NUTS_RG_03M_2010 TEST # #</Process><Process Name="Delete Features" ToolSource="C:\Program Files (x86)\ArcGIS\Desktop10.0\ArcToolbox\Toolboxes\Data Management Tools.tbx\DeleteFeatures" Date="20130514" Time="155822">DeleteFeatures Z:\webapp\mapservices\Maps\connection-files\PROD\PROD-DIRECT-GISCO_11g.sde\GISCO.NUTS_2010\GISCO.NUTS_RG_03M_2010</Process><Process Name="Append" ToolSource="C:\Program Files (x86)\ArcGIS\Desktop10.0\ArcToolbox\Toolboxes\Data Management Tools.tbx\Append" Date="20130514" Time="155835">Append J:\users\harromi\NUTS_Changes\Errors\NUTS.gdb\NUTS_2010\NUTS_RG_03M_2010 Z:\webapp\mapservices\Maps\connection-files\PROD\PROD-DIRECT-GISCO_11g.sde\GISCO.NUTS_2010\GISCO.NUTS_RG_03M_2010 TEST # #</Process><Process Name="Delete Features" ToolSource="C:\Program Files (x86)\ArcGIS\Desktop10.0\ArcToolbox\Toolboxes\Data Management Tools.tbx\DeleteFeatures" Date="20130603" Time="173802">DeleteFeatures Z:\webapp\mapservices\Maps\connection-files\PROD\PROD-DIRECT-GISCO_11g.sde\GISCO.NUTS_2010\GISCO.NUTS_RG_03M_2010</Process><Process Name="Append" ToolSource="C:\Program Files (x86)\ArcGIS\Desktop10.0\ArcToolbox\Toolboxes\Data Management Tools.tbx\Append" Date="20130603" Time="173817">Append J:\develop\Database-Updates\NUTS.gdb\NUTS_2010\NUTS_RG_03M_2010 Z:\webapp\mapservices\Maps\connection-files\PROD\PROD-DIRECT-GISCO_11g.sde\GISCO.NUTS_2010\GISCO.NUTS_RG_03M_2010 TEST # #</Process><Process Name="Delete Features" ToolSource="C:\Program Files (x86)\ArcGIS\Desktop10.0\ArcToolbox\Toolboxes\Data Management Tools.tbx\DeleteFeatures" Date="20130705" Time="120557">DeleteFeatures Z:\webapp\mapservices\Maps\connection-files\PROD\PROD-DIRECT-GISCO_11g.sde\GISCO.NUTS_2010\GISCO.NUTS_RG_03M_2010</Process><Process Name="Append" ToolSource="C:\Program Files (x86)\ArcGIS\Desktop10.0\ArcToolbox\Toolboxes\Data Management Tools.tbx\Append" Date="20130705" Time="120611">Append J:\develop\Database-Updates\Croatia_acsession\NUTS_2010.gdb\NUTS_2010\NUTS_RG_03M_2010 Z:\webapp\mapservices\Maps\connection-files\PROD\PROD-DIRECT-GISCO_11g.sde\GISCO.NUTS_2010\GISCO.NUTS_RG_03M_2010 TEST # #</Process><Process ToolSource="c:\program files (x86)\arcgis\desktop10.0\ArcToolbox\Toolboxes\Data Management Tools.tbx\CopyFeatures" Date="20130710" Time="145513">CopyFeatures \\s-troi\connection-files\PROD\PROD-DIRECT-GISCOVIEW-ARCESTP-11g.sde\GISCO.NUTS_2010\GISCO.NUTS_RG_03M_2010 "J:\users\rasmujn\Data extract\NUTS_2010_03M_SH\Data\NUTS_RG_03M_2010.shp" # 0 0 0</Process></lineage><itemProps><itemLocation><linkage Sync="TRUE">file://\\s-sisko\gisco\users\rasmujn\Data extract\NUTS_2010_03M_SH\Data\NUTS_RG_03M_2010.shp</linkage><protocol Sync="TRUE">Local Area Network</protocol></itemLocation><itemName Sync="TRUE">NUTS_RG_03M_2010</itemName><imsContentType Sync="TRUE">002</imsContentType><itemSize Sync="TRUE">0.000</itemSize></itemProps><coordRef><type Sync="TRUE">Geographic</type><geogcsn Sync="TRUE">GCS_ETRS_1989</geogcsn><csUnits Sync="TRUE">Angular Unit: Degree (0.017453)</csUnits><peXml Sync="TRUE">&lt;GeographicCoordinateSystem xsi:type='typens:GeographicCoordinateSystem' xmlns:xsi='http://www.w3.org/2001/XMLSchema-instance' xmlns:xs='http://www.w3.org/2001/XMLSchema' xmlns:typens='http://www.esri.com/schemas/ArcGIS/10.0'&gt;&lt;WKT&gt;GEOGCS[&amp;quot;GCS_ETRS_1989&amp;quot;,DATUM[&amp;quot;D_ETRS_1989&amp;quot;,SPHEROID[&amp;quot;GRS_1980&amp;quot;,6378137.0,298.257222101]],PRIMEM[&amp;quot;Greenwich&amp;quot;,0.0],UNIT[&amp;quot;Degree&amp;quot;,0.0174532925199433],AUTHORITY[&amp;quot;EPSG&amp;quot;,4258]]&lt;/WKT&gt;&lt;XOrigin&gt;-399.99999999999989&lt;/XOrigin&gt;&lt;YOrigin&gt;-399.99999999999989&lt;/YOrigin&gt;&lt;XYScale&gt;11258999068426.24&lt;/XYScale&gt;&lt;ZOrigin&gt;-100000&lt;/ZOrigin&gt;&lt;ZScale&gt;10000&lt;/ZScale&gt;&lt;MOrigin&gt;-100000&lt;/MOrigin&gt;&lt;MScale&gt;10000&lt;/MScale&gt;&lt;XYTolerance&gt;8.9831528411952117e-009&lt;/XYTolerance&gt;&lt;ZTolerance&gt;0.001&lt;/ZTolerance&gt;&lt;MTolerance&gt;0.001&lt;/MTolerance&gt;&lt;HighPrecision&gt;true&lt;/HighPrecision&gt;&lt;LeftLongitude&gt;-180&lt;/LeftLongitude&gt;&lt;WKID&gt;4258&lt;/WKID&gt;&lt;/GeographicCoordinateSystem&gt;</peXml></coordRef></DataProperties><SyncDate>20130710</SyncDate><SyncTime>14550600</SyncTime><ModDate>20130710</ModDate><ModTime>14550600</ModTime><ArcGISFormat>1.0</ArcGISFormat><ArcGISstyle>INSPIRE Metadata Directive</ArcGISstyle></Esri><idinfo><native Sync="TRUE">Microsoft Windows XP Version 5.1 (Build 2600) Service Pack 3; ESRI ArcCatalog 9.3.1.4000</native><descript><langdata Sync="TRUE">en</langdata><abstract>REQUIRED: A brief narrative summary of the data set.</abstract><purpose>REQUIRED: A summary of the intentions with which the data set was developed.</purpose></descript><citation><citeinfo><origin>REQUIRED: The name of an organization or individual that developed the data set.</origin><pubdate>REQUIRED: The date when the data set is published or otherwise made available for release.</pubdate><title Sync="TRUE">GISCO.NUTS_RG_03M_2010</title><ftname Sync="TRUE">GISCO.NUTS_RG_03M_2010</ftname><geoform Sync="TRUE">vector digital data</geoform><onlink Sync="TRUE">Server=salvia.cc.cec.eu.int; Service=port:5153; User=gisco; Version=SDE.DEFAULT</onlink></citeinfo></citation><timeperd><current>REQUIRED: The basis on which the time period of content information is determined.</current><timeinfo><sngdate><caldate>REQUIRED: The year (and optionally month, or month and day) for which the data set corresponds to the ground.</caldate></sngdate></timeinfo></timeperd><status><progress>REQUIRED: The state of the data set.</progress><update>REQUIRED: The frequency with which changes and additions are made to the data set after the initial data set is completed.</update></status><spdom><bounding><westbc Sync="TRUE">-63.088291</westbc><eastbc Sync="TRUE">55.836628</eastbc><northbc Sync="TRUE">71.173081</northbc><southbc Sync="TRUE">-21.387312</southbc></bounding><lboundng><leftbc Sync="TRUE">-63.088291</leftbc><rightbc Sync="TRUE">55.836628</rightbc><bottombc Sync="TRUE">-21.387312</bottombc><topbc Sync="TRUE">71.173081</topbc></lboundng></spdom><keywords><theme><themekt>REQUIRED: Reference to a formally registered thesaurus or a similar authoritative source of theme keywords.</themekt><themekey>REQUIRED: Common-use word or phrase used to describe the subject of the data set.</themekey></theme></keywords><accconst>REQUIRED: Restrictions and legal prerequisites for accessing the data set.</accconst><useconst>REQUIRED: Restrictions and legal prerequisites for using the data set after access is granted.</useconst><natvform Sync="TRUE">SDE Feature Class</natvform></idinfo><dataIdInfo><envirDesc Sync="TRUE">Microsoft Windows 7 Version 6.1 (Build 7601) Service Pack 1; ESRI ArcGIS 10.0.5.4400</envirDesc><dataLang><languageCode Sync="TRUE" value="eng"></languageCode><countryCode value="GBR" Sync="TRUE"></countryCode></dataLang><idCitation><resTitle Sync="TRUE">NUTS_RG_03M_2010</resTitle><presForm><PresFormCd value="005" Sync="TRUE"></PresFormCd></presForm></idCitation><spatRpType><SpatRepTypCd value="001" Sync="TRUE"></SpatRepTypCd></spatRpType></dataIdInfo><metainfo><langmeta Sync="TRUE">en</langmeta><metstdn Sync="TRUE">FGDC Content Standards for Digital Geospatial Metadata</metstdn><metstdv Sync="TRUE">FGDC-STD-001-1998</metstdv><mettc Sync="TRUE">local time</mettc><metc><cntinfo><cntorgp><cntper>REQUIRED: The person responsible for the metadata information.</cntper><cntorg>REQUIRED: The organization responsible for the metadata information.</cntorg></cntorgp><cntaddr><addrtype>REQUIRED: The mailing and/or physical address for the organization or individual.</addrtype><city>REQUIRED: The city of the address.</city><state>REQUIRED: The state or province of the address.</state><postal>REQUIRED: The ZIP or other postal code of the address.</postal></cntaddr><cntvoice>REQUIRED: The telephone number by which individuals can speak to the organization or individual.</cntvoice></cntinfo></metc><metd Sync="TRUE">20120319</metd></metainfo><mdLang><languageCode Sync="TRUE" value="eng"></languageCode><countryCode value="GBR" Sync="TRUE"></countryCode></mdLang><mdStanName Sync="TRUE">ISO 19115 Geographic Information - Metadata</mdStanName><mdStanVer Sync="TRUE">DIS_ESRI1.0</mdStanVer><mdChar><CharSetCd Sync="TRUE" value="004"></CharSetCd></mdChar><mdHrLv><ScopeCd Sync="TRUE" value="005"></ScopeCd></mdHrLv><mdHrLvName Sync="TRUE">dataset</mdHrLvName><distinfo><resdesc Sync="TRUE">Downloadable Data</resdesc></distinfo><distInfo><distributor><distorTran><onLineSrc><orDesc Sync="TRUE">002</orDesc><linkage Sync="TRUE">file://\\ABACOPORT-PC\C\Condivisa\work\EUROSTAT\work\SC3\ACT_2\work\SC3_A2_GENERALISATION.gdb</linkage><protocol Sync="TRUE">Local Area Network</protocol></onLineSrc></distorTran><distorFormat><formatName Sync="TRUE">File Geodatabase Feature Class</formatName></distorFormat></distributor><distFormat><formatName Sync="TRUE">Shapefile</formatName></distFormat><distTranOps><transSize Sync="TRUE">0.000</transSize></distTranOps></distInfo><spdoinfo><direct Sync="TRUE">Vector</direct><ptvctinf><esriterm><efeatyp Sync="TRUE">Simple</efeatyp><efeageom code="4" Sync="TRUE"></efeageom><esritopo Sync="TRUE">FALSE</esritopo><efeacnt Sync="TRUE">0</efeacnt><spindex Sync="TRUE">FALSE</spindex><linrefer Sync="TRUE">FALSE</linrefer></esriterm></ptvctinf></spdoinfo><spref><horizsys><cordsysn><geogcsn Sync="TRUE">GCS_ETRS_1989</geogcsn></cordsysn><geograph><geogunit Sync="TRUE">Decimal degrees</geogunit><latres Sync="TRUE">0.000000</latres><longres Sync="TRUE">0.000000</longres></geograph><geodetic><horizdn Sync="TRUE">D_ETRS_1989</horizdn><ellips Sync="TRUE">Geodetic Reference System 80</ellips><semiaxis Sync="TRUE">6378137.000000</semiaxis><denflat Sync="TRUE">298.257222</denflat></geodetic></horizsys><vertdef><altsys><altenc Sync="TRUE">Explicit elevation coordinate included with horizontal coordinates</altenc><altres Sync="TRUE">1.000000</altres></altsys></vertdef></spref><refSysInfo><RefSystem><refSysID><identCode Sync="TRUE" value="4258">GCS_ETRS_1989</identCode><idCodeSpace Sync="TRUE">EPSG</idCodeSpace><idVersion Sync="TRUE">7.4.1</idVersion></refSysID></RefSystem></refSysInfo><spatRepInfo><VectSpatRep><geometObjs Name="NUTS_RG_03M_2010"><geoObjTyp><GeoObjTypCd value="002" Sync="TRUE"></GeoObjTypCd></geoObjTyp><geoObjCnt Sync="TRUE">0</geoObjCnt></geometObjs><topLvl><TopoLevCd value="001" Sync="TRUE"></TopoLevCd></topLvl></VectSpatRep></spatRepInfo><eainfo><detailed Name="NUTS_RG_03M_2010"><enttyp><enttypl Sync="TRUE">NUTS_RG_03M_2010</enttypl><enttypt Sync="TRUE">Feature Class</enttypt><enttypc Sync="TRUE">0</enttypc></enttyp><attr><attrlabl Sync="TRUE">Shape</attrlabl><attalias Sync="TRUE">Shape</attalias><attrtype Sync="TRUE">Geometry</attrtype><attwidth Sync="TRUE">0</attwidth><atprecis Sync="TRUE">0</atprecis><attscale Sync="TRUE">0</attscale><attrdef Sync="TRUE">Feature geometry.</attrdef><attrdefs Sync="TRUE">ESRI</attrdefs><attrdomv><udom Sync="TRUE">Coordinates defining the features.</udom></attrdomv></attr><attr><attrlabl Sync="TRUE">NUTS_ID</attrlabl><attalias Sync="TRUE">NUTS_ID</attalias><attrtype Sync="TRUE">String</attrtype><attwidth Sync="TRUE">5</attwidth><atprecis Sync="TRUE">0</atprecis><attscale Sync="TRUE">0</attscale></attr><subtype><stname Sync="TRUE">country</stname><stcode Sync="TRUE">0</stcode><stfield><stfldnm Sync="TRUE">STAT_LEVL_CODE</stfldnm><stflddv Sync="TRUE">0</stflddv></stfield></subtype><subtype><stname Sync="TRUE">nuts1</stname><stcode Sync="TRUE">1</stcode><stfield><stfldnm Sync="TRUE">STAT_LEVL_CODE</stfldnm><stflddv Sync="TRUE">0</stflddv></stfield></subtype><attr><attrlabl Sync="TRUE">FID</attrlabl><attalias Sync="TRUE">FID</attalias><attrtype Sync="TRUE">OID</attrtype><attwidth Sync="TRUE">4</attwidth><atprecis Sync="TRUE">0</atprecis><attscale Sync="TRUE">0</attscale><attrdef Sync="TRUE">Internal feature number.</attrdef><attrdefs Sync="TRUE">ESRI</attrdefs><attrdomv><udom Sync="TRUE">Sequential unique whole numbers that are automatically generated.</udom></attrdomv></attr><subtype><stname Sync="TRUE">nuts2</stname><stcode Sync="TRUE">2</stcode><stfield><stfldnm Sync="TRUE">STAT_LEVL_CODE</stfldnm><stflddv Sync="TRUE">0</stflddv></stfield></subtype><attr><attrlabl Sync="TRUE">STAT_LEVL_</attrlabl><attalias Sync="TRUE">STAT_LEVL_</attalias><attrtype Sync="TRUE">Double</attrtype><attwidth Sync="TRUE">10</attwidth><atprecis Sync="TRUE">10</atprecis><attscale Sync="TRUE">0</attscale></attr><subtype><stname Sync="TRUE">nuts3</stname><stcode Sync="TRUE">3</stcode><stfield><stfldnm Sync="TRUE">STAT_LEVL_CODE</stfldnm><stflddv Sync="TRUE">0</stflddv></stfield></subtype><attr><attrlabl Sync="TRUE">SHAPE_AREA</attrlabl><attalias Sync="TRUE">SHAPE_AREA</attalias><attrtype Sync="TRUE">Double</attrtype><attwidth Sync="TRUE">19</attwidth><atprecis Sync="TRUE">0</atprecis><attscale Sync="TRUE">0</attscale><attrdef Sync="TRUE">Area of feature in internal units squared.</attrdef><attrdefs Sync="TRUE">ESRI</attrdefs><attrdomv><udom Sync="TRUE">Positive real numbers that are automatically generated.</udom></attrdomv></attr><attr><attrlabl Sync="TRUE">SHAPE_LEN</attrlabl><attalias Sync="TRUE">SHAPE_LEN</attalias><attrtype Sync="TRUE">Double</attrtype><attwidth Sync="TRUE">19</attwidth><atprecis Sync="TRUE">0</atprecis><attscale Sync="TRUE">0</attscale></attr></detailed></eainfo><mdDateSt Sync="TRUE">20130710</mdDateSt><dataqual><lineage><procstep><procdesc Sync="TRUE">Dataset copied.</procdesc><srcused Sync="TRUE">\\ABACOPORT-PC\Condivisa\work\EUROSTAT\work\SC3\ACT_2\work\3M.gdb</srcused><procdate Sync="TRUE">20111103</procdate><proctime Sync="TRUE">13043700</proctime></procstep><procstep><procdesc Sync="TRUE">Dataset copied.</procdesc><srcused Sync="TRUE">\\ABACOPORT-PC\C\Condivisa\work\EUROSTAT\work\SC3\ACT_2\work\QC_03M.gdb</srcused><procdate Sync="TRUE">20111216</procdate><proctime Sync="TRUE">17284800</proctime></procstep></lineage></dataqual></metadata>
